Node1	Sign	Node2
Q9NRZ9	1	P26358
P63279	1	P63165
P63165	1	P49711
P28482	1	P68400
P61457	1	P35680
Q05655	-1	Q01543
Q05655	-1	P49840
Q16539	-1	P28482
P35227	-1	P63279
Perturbation	-1	P17706
Perturbation	-1	P61457
Perturbation	-1	Q9NRZ9
P06241	1	Q16539
P06241	1	P00519
P00519	1	Q05655
P35754	1	P23511
P15336	1	P18847
Q8IZL9	1	P24941
P24941	1	Q01167
Q16539	1	P15336
P17706	-1	P06241
P28482	-1	Q15797
P49840	-1	P20749
P68400	-1	Q08945
P68400	-1	Q13133
Perturbation	1	P35227
Perturbation	1	P35754
Perturbation	1	Q8IZL9
Perturbation	1	Q9UKL0
