Node1	Sign	Node2
Q9NRZ9	1	P26358
P63279	1	P63165
P63165	1	P49711
P28482	1	P68400
P61457	1	P35680
Q05655	-1	Q01543
Q05655	-1	P49840
P31749	-1	P49840
P35227	-1	P63279
Q12913	-1	P28482
Perturbation	1	P61457
Perturbation	1	Q00005
Perturbation	1	Q9NRZ9
O15530	1	Q05655
P35754	1	P23511
P15336	1	P18847
P31749	1	P24941
P24941	1	Q01167
O15530	1	P31749
P53004	1	P15336
P28482	-1	Q15797
Q00005	-1	O15530
P49840	-1	P20749
P68400	-1	Q08945
P68400	-1	Q13133
Perturbation	-1	P35227
Perturbation	-1	P35754
Perturbation	-1	P53004
Perturbation	-1	Q12913
Perturbation	-1	Q9UKL0
