Node1	Sign	Node2
P46937	1	P28347
P51531	1	Q8TAQ2
P24941	1	P03372
P31749	1	P24941
P31749	1	P03372
P03372	1	Q15596
Q13882	1	P31749
P31749	1	Q9Y261
P12643	1	Q99717
P29372	-1	P03372
P06400	-1	P25490
Q9Y297	-1	P46937
P28482	-1	P06493
Perturbation	1	P12643
Perturbation	1	P51531
Perturbation	1	Q13882
P29372	1	Q9UIS9
P35754	1	Q14653
Q9UHA4	1	P28482
P28482	1	P19419
Q14703	1	Q96BA8
P24941	-1	P06400
P06493	-1	P06400
P24941	-1	Q02535
P06493	-1	P39880
Perturbation	-1	P29372
Perturbation	-1	P35754
Perturbation	-1	Q14703
Perturbation	-1	Q9UHA4
Perturbation	-1	Q9UMN6
Perturbation	-1	Q9Y297
