Node1	Sign	Node2
Q9GZV5	1	P28347
P51531	1	Q8TAQ2
P24941	1	P03372
P31749	1	P24941
P31749	1	P03372
P03372	1	Q15596
P31749	1	Q9Y261
P12643	1	Q99717
Q4VCS5	-1	Q9GZV5
P29372	-1	P03372
P06400	-1	P25490
P62140	-1	P31749
P28482	-1	P06493
Perturbation	-1	P12643
Perturbation	-1	P51531
Perturbation	-1	Q16829
Perturbation	-1	Q96C10
P29372	1	Q9UIS9
P28482	1	P19419
Q14703	1	Q96BA8
P24941	-1	P06400
P06493	-1	P06400
P24941	-1	Q02535
Q96C10	-1	Q14653
P06493	-1	P39880
Q16829	-1	P28482
Perturbation	1	P29372
Perturbation	1	P62140
Perturbation	1	Q14703
Perturbation	1	Q4VCS5
Perturbation	1	Q9UMN6
