Node1	Sign	Node2
O95835	1	P46937
P46937	1	P28347
P51531	1	Q8TAQ2
P24941	1	P03372
P31749	1	P24941
P31749	1	P03372
P03372	1	Q15596
Q15181	1	P31749
P31749	1	Q9Y261
P12643	1	Q99717
P06493	1	O95835
Q96JB5	1	P06493
P29372	-1	P03372
P06400	-1	P25490
Perturbation	-1	P12643
Perturbation	-1	P51531
Perturbation	-1	Q15181
Perturbation	-1	Q96JB5
P29372	1	Q9UIS9
Q7Z6J0	1	P45983
P45983	1	Q14653
P45983	1	P19419
O43462	1	Q96BA8
P24941	-1	P06400
P06493	-1	P06400
P24941	-1	Q02535
P31749	-1	Q7Z6J0
P06493	-1	P39880
Perturbation	1	O43462
Perturbation	1	P29372
Perturbation	1	Q9UMN6
