Node1	Sign	Node2
P46937	1	P28347
P41134	1	P31749
P51531	1	Q8TAQ2
P24941	1	P03372
P31749	1	P24941
P31749	1	P03372
P03372	1	Q15596
P31749	1	Q9Y261
Q96JB5	1	P06493
P29372	-1	P03372
P06400	-1	P25490
P48730	-1	P46937
P12755	-1	Q99717
Perturbation	-1	P41134
Perturbation	-1	P51531
Perturbation	-1	Q8WTR2
Perturbation	-1	Q96JB5
P29372	1	Q9UIS9
P45983	1	Q14653
P45983	1	P19419
Q14703	1	Q96BA8
P24941	-1	P06400
P06493	-1	P06400
P24941	-1	Q02535
P31749	-1	P12755
P06493	-1	P39880
Q8WTR2	-1	P45983
Perturbation	1	P29372
Perturbation	1	P48730
Perturbation	1	Q14703
Perturbation	1	Q9UMN6
