Node1	Sign	Node2
Q9GZV5	1	P28347
P51531	1	Q8TAQ2
P24941	1	P03372
P31749	1	P24941
P31749	1	P03372
P03372	1	Q15596
P31749	1	Q9Y261
Q96JB5	1	P06493
Q9UDY2	-1	Q9GZV5
P29372	-1	P03372
P06400	-1	P25490
Q15173	-1	P31749
P12755	-1	Q99717
Perturbation	1	P51531
Perturbation	1	Q96JB5
P29372	1	Q9UIS9
P63000	1	P45983
P45983	1	Q14653
P45983	1	P19419
O43462	1	Q96BA8
P24941	-1	P06400
P06493	-1	P06400
P24941	-1	Q02535
P31749	-1	P63000
P31749	-1	P12755
P06493	-1	P39880
Perturbation	-1	O43462
Perturbation	-1	P29372
Perturbation	-1	Q15173
Perturbation	-1	Q9UDY2
Perturbation	-1	Q9UMN6
